Nome,Categoria,Cidade_Região,Link_Maps,Status_Inicial
Tattoo You,tatuador,São Paulo SP,https://www.google.com/maps/place/Tattoo+You/data=!4m7!3m6!1s0x94ce574219700e6b:0x6093c0b62968dfbd!8m2!3d-23.6016646!4d-46.6774505!16s%2Fg%2F1tsbn7cl!19sChIJaw5wGUJXzpQRvd9oKbbAk2A?authuser=0&hl=pt-BR&g_ep=EgoyMDI2MDkzMC4wIJJjKgBIAVAD&rclk=1,Pendente Qualificação
iTattooClub,tatuador,São Paulo SP,https://www.google.com/maps/place/iTattooClub/data=!4m7!3m6!1s0x94ce59b0c3451829:0x9e6c30cfa709c25d!8m2!3d-23.5736122!4d-46.639057!16s%2Fg%2F11g6xhhw6f!19sChIJKRhFw7BZzpQRXcIJp88wbJ4?authuser=0&hl=pt-BR&g_ep=EgoyMDI2MDkzMC4wIJJjKgBIAVAD&rclk=1,Pendente Qualificação
Tattoo You Villa Lobos,tatuador,São Paulo SP,https://www.google.com/maps/place/Tattoo+You+Villa+Lobos/data=!4m7!3m6!1s0x94ce577966194a6d:0xb6097eb65f16857c!8m2!3d-23.5509667!4d-46.721415!16s%2Fg%2F11g10l6fkj!19sChIJbUoZZnlXzpQRfIUWX7Z-CbY?authuser=0&hl=pt-BR&g_ep=EgoyMDI2MDkzMC4wIJJjKgBIAVAD&rclk=1,Pendente Qualificação
Hangar 82 Brooklin,tatuador,São Paulo SP,https://www.google.com/maps/place/Hangar+82+Brooklin/data=!4m7!3m6!1s0x94ce50cad6591c95:0xbab57a9b57befd5e!8m2!3d-23.6066912!4d-46.6922721!16s%2Fg%2F11c60mq8xt!19sChIJlRxZ1spQzpQRXv2-V5t6tbo?authuser=0&hl=pt-BR&g_ep=EgoyMDI2MDkzMC4wIJJjKgBIAVAD&rclk=1,Pendente Qualificação
Gelly's Tatoo Vila Madalena,tatuador,São Paulo SP,https://www.google.com/maps/place/Gelly%27s+Tatoo+Vila+Madalena/data=!4m7!3m6!1s0x94ce57a29a39542d:0xe6c4c24a7693490e!8m2!3d-23.5596668!4d-46.6904337!16s%2Fg%2F11h11zxt8!19sChIJLVQ5mqJXzpQRDkmTdkrCxOY?authuser=0&hl=pt-BR&g_ep=EgoyMDI2MDkzMC4wIJJjKgBIAVAD&rclk=1,Pendente Qualificação
Gótika Tattoo e Piercing,tatuador,São Paulo SP,https://www.google.com/maps/place/G%C3%B3tika+Tattoo+e+Piercing/data=!4m7!3m6!1s0x94ce5be0dd6200a1:0xed299b392e56970e!8m2!3d-23.5982021!4d-46.6313783!16s%2Fg%2F11h_4nqt4b!19sChIJoQBi3eBbzpQRDpdWLjmbKe0?authuser=0&hl=pt-BR&g_ep=EgoyMDI2MDkzMC4wIJJjKgBIAVAD&rclk=1,Pendente Qualificação
TATTOO BLACK BALL,tatuador,São Paulo SP,https://www.google.com/maps/place/TATTOO+BLACK+BALL/data=!4m7!3m6!1s0x94ce59d5a54f2089:0x6c83d9d4409a65ec!8m2!3d-23.535298!4d-46.6612726!16s%2Fg%2F1thsh1cq!19sChIJiSBPpdVZzpQR7GWaQNTZg2w?authuser=0&hl=pt-BR&g_ep=EgoyMDI2MDkzMC4wIJJjKgBIAVAD&rclk=1,Pendente Qualificação
VENICE INK TATTOO,tatuador,São Paulo SP,https://www.google.com/maps/place/VENICE+INK+TATTOO/data=!4m7!3m6!1s0x94ce59b383dc2d47:0x4c9ea83dd5cb4564!8m2!3d-23.5600725!4d-46.6619867!16s%2Fg%2F11qn9y3xhh!19sChIJRy3cg7NZzpQRZEXL1T2onkw?authuser=0&hl=pt-BR&g_ep=EgoyMDI2MDkzMC4wIJJjKgBIAVAD&rclk=1,Pendente Qualificação
Sampa Tattoo,tatuador,São Paulo SP,https://www.google.com/maps/place/Sampa+Tattoo/data=!4m7!3m6!1s0x94ce59d3b277b40f:0x647cb3b762c14175!8m2!3d-23.5610431!4d-46.6630898!16s%2Fg%2F11c3tymymq!19sChIJD7R3stNZzpQRdUHBYrezfGQ?authuser=0&hl=pt-BR&g_ep=EgoyMDI2MDkzMC4wIJJjKgBIAVAD&rclk=1,Pendente Qualificação
Eternal Art Gallery - Tattoo,tatuador,São Paulo SP,https://www.google.com/maps/place/Eternal+Art+Gallery+-+Tattoo/data=!4m7!3m6!1s0x94ce5729a012b0b5:0x84a514aa592a8f3f!8m2!3d-23.5652887!4d-46.6850934!16s%2Fg%2F11pyj_5zqs!19sChIJtbASoClXzpQRP48qWaoUpYQ?authuser=0&hl=pt-BR&g_ep=EgoyMDI2MDkzMC4wIJJjKgBIAVAD&rclk=1,Pendente Qualificação
Studio Buarque - Tattoo e Piercing,tatuador,São Paulo SP,https://www.google.com/maps/place/Studio+Buarque+-+Tattoo+e+Piercing/data=!4m7!3m6!1s0x94ce59e06b89828d:0xeecf3e3d8dbd1731!8m2!3d-23.5472588!4d-46.6484447!16s%2Fg%2F11z3k6_hxf!19sChIJjYKJa-BZzpQRMRe9jT0-z-4?authuser=0&hl=pt-BR&g_ep=EgoyMDI2MDkzMC4wIJJjKgBIAVAD&rclk=1,Pendente Qualificação
Original Sp Tattoo Moema,tatuador,São Paulo SP,https://www.google.com/maps/place/Original+Sp+Tattoo+Moema/data=!4m7!3m6!1s0x94ce512ce70f8dcd:0x76af7899ed942248!8m2!3d-23.6035128!4d-46.6707329!16s%2Fg%2F11t5nn40t9!19sChIJzY0P5yxRzpQRSCKU7Zl4r3Y?authuser=0&hl=pt-BR&g_ep=EgoyMDI2MDkzMC4wIJJjKgBIAVAD&rclk=1,Pendente Qualificação
Tribo Tattoo JF - Tatuagem & Piercing,tatuador,Juiz de Fora MG,https://www.google.com/maps/place/Tribo+Tattoo+JF+-+Tatuagem+%26+Piercing/data=!4m7!3m6!1s0x989b1d934e7d23:0x862532a3eae13be9!8m2!3d-21.7723149!4d-43.3768417!16s%2Fg%2F11wbyqhsjs!19sChIJI31Okx2bmAAR6Tvh6qMyJYY?authuser=0&hl=pt-BR&g_ep=EgoyMDI2MDkzMC4wIJJjKgBIAVAD&rclk=1,Pendente Qualificação
Crava Tattoo,tatuador,Juiz de Fora MG,https://www.google.com/maps/place/Crava+Tattoo/data=!4m7!3m6!1s0x989bac9c0e8d33:0xc4e9654771565d6f!8m2!3d-21.7713329!4d-43.3590609!16s%2Fg%2F11t5t3v4ww!19sChIJM40OnKybmAARb11WcUdl6cQ?authuser=0&hl=pt-BR&g_ep=EgoyMDI2MDkzMC4wIJJjKgBIAVAD&rclk=1,Pendente Qualificação
Junior Lima Tatuador,tatuador,Juiz de Fora MG,https://www.google.com/maps/place/Junior+Lima+Tatuador/data=!4m7!3m6!1s0x989bb004beee63:0x41bd2d3fecb9775f!8m2!3d-21.7673593!4d-43.3483213!16s%2Fg%2F11vl9rb0lz!19sChIJY-6-BLCbmAARX3e57D8tvUE?authuser=0&hl=pt-BR&g_ep=EgoyMDI2MDkzMC4wIJJjKgBIAVAD&rclk=1,Pendente Qualificação
Studio Kaliber - Tatuagem e Piercing,tatuador,Juiz de Fora MG,https://www.google.com/maps/place/Studio+Kaliber+-+Tatuagem+e+Piercing/data=!4m7!3m6!1s0x989d979af4cd33:0x2a381d9c599f75ea!8m2!3d-21.7604974!4d-43.3430301!16s%2Fg%2F11w9hk_np_!19sChIJM830mpedmAAR6nWfWZwdOCo?authuser=0&hl=pt-BR&g_ep=EgoyMDI2MDkzMC4wIJJjKgBIAVAD&rclk=1,Pendente Qualificação
Cavalcanti Tattoo,tatuador,Juiz de Fora MG,https://www.google.com/maps/place/Cavalcanti+Tattoo/data=!4m7!3m6!1s0x989d2917c4c97b:0x889de29162772ec4!8m2!3d-21.7518322!4d-43.3539418!16s%2Fg%2F11x727pdv6!19sChIJe8nEFymdmAARxC53YpHinYg?authuser=0&hl=pt-BR&g_ep=EgoyMDI2MDkzMC4wIJJjKgBIAVAD&rclk=1,Pendente Qualificação
"SouArt Studio - Tatuagem, Piercing e cursos",tatuador,Juiz de Fora MG,"https://www.google.com/maps/place/SouArt+Studio+-+Tatuagem,+Piercing+e+cursos/data=!4m7!3m6!1s0x9883af06b75d9b:0xe7c14b164e16a5e3!8m2!3d-21.7581435!4d-43.3457194!16s%2Fg%2F11rmxnwfyd!19sChIJm123Bq-DmAAR46UWThZLwec?authuser=0&hl=pt-BR&g_ep=EgoyMDI2MDkzMC4wIJJjKgBIAVAD&rclk=1",Pendente Qualificação
Arts Empire Tattoo Shop,tatuador,Juiz de Fora MG,https://www.google.com/maps/place/Arts+Empire+Tattoo+Shop/data=!4m7!3m6!1s0x989b67125d343d:0xb38f78fdf749ae4f!8m2!3d-21.7689249!4d-43.3501703!16s%2Fg%2F11bw471cjl!19sChIJPTRdEmebmAART65J9_14j7M?authuser=0&hl=pt-BR&g_ep=EgoyMDI2MDkzMC4wIJJjKgBIAVAD&rclk=1,Pendente Qualificação
Antera Tattoo,tatuador,Juiz de Fora MG,https://www.google.com/maps/place/Antera+Tattoo/data=!4m7!3m6!1s0x989bc967a7c4fb:0x82fbb7e165294f17!8m2!3d-21.772212!4d-43.3600571!16s%2Fg%2F11s4c_sc85!19sChIJ-8SnZ8mbmAARF08pZeG3-4I?authuser=0&hl=pt-BR&g_ep=EgoyMDI2MDkzMC4wIJJjKgBIAVAD&rclk=1,Pendente Qualificação
Black and White Tattoo JF,tatuador,Juiz de Fora MG,https://www.google.com/maps/place/Black+and+White+Tattoo+JF/data=!4m7!3m6!1s0x989c8ca959e46d:0x324474db57f08a99!8m2!3d-21.7428564!4d-43.3645331!16s%2Fg%2F11g9fmnx34!19sChIJbeRZqYycmAARmYrwV9t0RDI?authuser=0&hl=pt-BR&g_ep=EgoyMDI2MDkzMC4wIJJjKgBIAVAD&rclk=1,Pendente Qualificação
Selvagem Estúdio,tatuador,Juiz de Fora MG,https://www.google.com/maps/place/Selvagem+Est%C3%BAdio/data=!4m7!3m6!1s0x989b7bb2855df5:0xb7f82a406e57f372!8m2!3d-21.7735708!4d-43.3522026!16s%2Fg%2F11y1zx5fy8!19sChIJ9V2FsnubmAARcvNXbkAq-Lc?authuser=0&hl=pt-BR&g_ep=EgoyMDI2MDkzMC4wIJJjKgBIAVAD&rclk=1,Pendente Qualificação
Astron Fenix Tattoo,tatuador,Juiz de Fora MG,https://www.google.com/maps/place/Astron+Fenix+Tattoo/data=!4m7!3m6!1s0x989d76c538930d:0xaea26b7bda6deded!8m2!3d-21.7435088!4d-43.3717817!16s%2Fg%2F11f6kx271z!19sChIJDZM4xXadmAAR7e1t2ntroq4?authuser=0&hl=pt-BR&g_ep=EgoyMDI2MDkzMC4wIJJjKgBIAVAD&rclk=1,Pendente Qualificação
Ian gerheim tattoo,tatuador,Juiz de Fora MG,https://www.google.com/maps/place/Ian+gerheim+tattoo/data=!4m7!3m6!1s0x989b05fdc983c5:0x4839a3a35d6b2c00!8m2!3d-21.7683978!4d-43.3787995!16s%2Fg%2F11fsm6rj89!19sChIJxYPJ_QWbmAARACxrXaOjOUg?authuser=0&hl=pt-BR&g_ep=EgoyMDI2MDkzMC4wIJJjKgBIAVAD&rclk=1,Pendente Qualificação
Stattoos Tatuagem e piercing,tatuador,Juiz de Fora MG,https://www.google.com/maps/place/Stattoos+Tatuagem+e+piercing/data=!4m7!3m6!1s0x989c9f992a1d39:0xd14dcecad4cca25!8m2!3d-21.759785!4d-43.3484385!16s%2Fg%2F11df06vqjz!19sChIJOR0qmZ-cmAARJcpMrezcFA0?authuser=0&hl=pt-BR&g_ep=EgoyMDI2MDkzMC4wIJJjKgBIAVAD&rclk=1,Pendente Qualificação
Estúdio Ninho,tatuador,Juiz de Fora MG,https://www.google.com/maps/place/Est%C3%BAdio+Ninho/data=!4m7!3m6!1s0x989bae271e2c91:0x8d77cc7d4d25f910!8m2!3d-21.764379!4d-43.3486767!16s%2Fg%2F11vt89kq1q!19sChIJkSweJ66bmAAREPklTX3Md40?authuser=0&hl=pt-BR&g_ep=EgoyMDI2MDkzMC4wIJJjKgBIAVAD&rclk=1,Pendente Qualificação
Marcela Neves - Tatuadora,tatuador,Juiz de Fora MG,https://www.google.com/maps/place/Marcela+Neves+-+Tatuadora/data=!4m7!3m6!1s0x989b30f922a3cd:0x67a6a7e83e06e033!8m2!3d-21.7662119!4d-43.345855!16s%2Fg%2F11h_1gklhw!19sChIJzaMi-TCbmAARM-AGPuinpmc?authuser=0&hl=pt-BR&g_ep=EgoyMDI2MDkzMC4wIJJjKgBIAVAD&rclk=1,Pendente Qualificação
Paschoal Tattoo,tatuador,Juiz de Fora MG,https://www.google.com/maps/place/Paschoal+Tattoo/data=!4m7!3m6!1s0x989d396c2dc11d:0xdc6788a6813795a9!8m2!3d-21.7602402!4d-43.3455776!16s%2Fg%2F11zdrtk2zd!19sChIJHcEtbDmdmAARqZU3gaaIZ9w?authuser=0&hl=pt-BR&g_ep=EgoyMDI2MDkzMC4wIJJjKgBIAVAD&rclk=1,Pendente Qualificação
Sara Menegusse Tatuadora,tatuador,Juiz de Fora MG,https://www.google.com/maps/place/Sara+Menegusse+Tatuadora/data=!4m7!3m6!1s0x989bbcf00a8c89:0xe0eda746e9195293!8m2!3d-21.764792!4d-43.3476949!16s%2Fg%2F11k95h8xyr!19sChIJiYwK8LybmAARk1IZ6Uan7eA?authuser=0&hl=pt-BR&g_ep=EgoyMDI2MDkzMC4wIJJjKgBIAVAD&rclk=1,Pendente Qualificação
Dermoarte Tattoo Studio,tatuador,Juiz de Fora MG,https://www.google.com/maps/place/Dermoarte+Tattoo+Studio/data=!4m7!3m6!1s0x989c9ec25ed425:0x8e6adf4e39c9d7c7!8m2!3d-21.7625867!4d-43.3478255!16s%2Fg%2F1txfqcfg!19sChIJJdRewp6cmAARx9fJOU7fao4?authuser=0&hl=pt-BR&g_ep=EgoyMDI2MDkzMC4wIJJjKgBIAVAD&rclk=1,Pendente Qualificação
Cravo.ink Tatuador,tatuador,Juiz de Fora MG,https://www.google.com/maps/place/Cravo.ink+Tatuador/data=!4m7!3m6!1s0x989b56bc9133f7:0x51cbe06dd2d9bb6f!8m2!3d-14.4095262!4d-51.3168626!16s%2Fg%2F11y6nvpf3l!19sChIJ9zORvFabmAARb7vZ0m3gy1E?authuser=0&hl=pt-BR&g_ep=EgoyMDI2MDkzMC4wIJJjKgBIAVAD&rclk=1,Pendente Qualificação
Matos Tattoo Juiz de Fora,tatuador,Juiz de Fora MG,https://www.google.com/maps/place/Matos+Tattoo+Juiz+de+Fora/data=!4m7!3m6!1s0x989dde87a38cb1:0xa2d727e07bcc9088!8m2!3d-21.7601782!4d-43.3456463!16s%2Fg%2F11vd7knmpl!19sChIJsYyjh96dmAARiJDMe-An16I?authuser=0&hl=pt-BR&g_ep=EgoyMDI2MDkzMC4wIJJjKgBIAVAD&rclk=1,Pendente Qualificação
